[
    { "category": "XLine", "key": "XLine"},
    { "category": "YLine", "key": "YLine"},
    {
        "key":"AddBotQ",
        "parent": "",
        "nodeType": "FUNCTION",
        "navigationType": "",
        "nodeName": "+新增BOT问",
        "isleaf": false
    },
    {
        "key":"RobotQRoot",
        "parent": "",
        "nodeType": "FUNCTION",
        "navigationType": "",
        "nodeName": "RobotQRoot",
        "isleaf": false
    },
    {
        "key":"GapNode",
        "parent": "",
        "nodeType": "FUNCTION",
        "navigationType": "",
        "nodeName": "",
        "isleaf": false
    },
    {
        "key":"TitleNode",
        "parent": "",
        "nodeType": "FUNCTION",
        "navigationType": "",
        "nodeName": "全局通用问题设定",
        "isleaf": false
    },
    {
        "key": "AddGeneralQ",
        "parent": "",
        "nodeType": "FUNCTION",
        "navigationType": "",
        "nodeName": "+新增情景",
        "isleaf": false
    },
    {
        "key": "GeneralQRoot",
        "parent": "",
        "nodeType": "FUNCTION",
        "navigationType": "red",
        "nodeName": "GeneralQRoot",
        "isleaf": false
    }
]