[
    { "category": "XLine", "key": "XLine"},
    { "category": "YLine", "key": "YLine"},
    {
        "key":"AddBotQ",
        "parent": "",
        "nodeType": "FUNCTION",
        "navigationType": "",
        "nodeName": "+新增BOT问",
        "isleaf": false
    },
    {
        "key":"RobotQRoot",
        "parent": "",
        "nodeType": "FUNCTION",
        "navigationType": "",
        "nodeName": "RobotQRoot",
        "isleaf": false
    },
    {
        "key":"1",
        "parent": "RobotQRoot",
        "nodeType": "QUESTION",
        "navigationType": "",
        "nodeName": "确认本人",
        "isleaf": false
    },
    {
        "key":"1-1",
        "parent": "1",
        "nodeType": "ANSWERTYPE",
        "navigationType": "",
        "nodeName": "告知",
        "isleaf": false
    },
    {
        "key":"1-1-1",
        "parent": "1-1",
        "nodeType": "QUESTION",
        "navigationType": "green",
        "nodeName": "[是否方便]",
        "isleaf": true
    },
    {
        "key":"1-2",
        "parent": "1",
        "nodeType": "ANSWERTYPE",
        "navigationType": "",
        "nodeName": "文本",
        "isleaf": false
    },
    {
        "key":"1-2-1",
        "parent": "1-2",
        "nodeType": "QUESTION",
        "navigationType": "green",
        "nodeName": "是否认识",
        "isleaf": false
    },
    {
        "key":"1-2-1-1",
        "parent": "1-2-1",
        "nodeType": "ANSWERTYPE",
        "navigationType": "",
        "nodeName": "是",
        "isleaf": false
    },
    {
        "key":"1-2-1-1-1",
        "parent": "1-2-1-1",
        "nodeType": "QUESTION",
        "navigationType": "green",
        "nodeName": "提供新号码",
        "isleaf": false
    },
    {
        "key":"1-2-1-1-1-1",
        "parent": "1-2-1-1-1",
        "nodeType": "ANSWERTYPE",
        "navigationType": "",
        "nodeName": "是"
    },
    {
        "key":"1-2-1-1-1-1-1",
        "parent": "1-2-1-1-1-1",
        "nodeType": "QUESTION",
        "navigationType": "red",
        "nodeName": "前往解析失败",
        "isleaf": false
    },
    {
        "key":"1-2-1-1-1-2",
        "parent": "1-2-1-1-1",
        "nodeType": "ANSWERTYPE",
        "navigationType": "",
        "nodeName": "否",
        "isleaf": false
    },
    {
        "key":"1-2-1-1-1-3",
        "parent": "1-2-1-1-1",
        "nodeType": "ANSWERTYPE",
        "navigationType": "",
        "nodeName": "其他",
        "isleaf": false
    },
    {
        "key":"1-2-1-2",
        "parent": "1-2-1",
        "nodeType": "ANSWERTYPE",
        "navigationType": "",
        "nodeName": "否"
    },
    {
        "key":"1-2-1-2-1",
        "parent": "1-2-1-2",
        "nodeType": "QUESTION",
        "navigationType": "blue",
        "nodeName": "结束",
        "isleaf": true
    },
    {
        "key":"1-2-1-3",
        "parent": "1-2-1",
        "nodeType": "ANSWERTYPE",
        "navigationType": "",
        "nodeName": "其他",
        "isleaf": false
    },
    {
        "key":"1-3",
        "parent": "1",
        "nodeType": "ANSWERTYPE",
        "navigationType": "",
        "nodeName": "其他"
    },
    {
        "key":"1-3-1",
        "parent": "1-3",
        "nodeType": "QUESTION",
        "navigationType": "red",
        "nodeName": "[解析失败]",
        "isleaf": true
    },
    {
        "key":"1-4",
        "parent": "1",
        "nodeType": "ANSWERTYPE",
        "navigationType": "",
        "nodeName": "提问",
        "isleaf": false
    },
    {
        "key":"1-4-1",
        "parent": "1-4",
        "nodeType": "QUESTION",
        "navigationType": "blue",
        "nodeName": "回答+重复问",
        "isleaf": true
    },
    {
        "key":"1-5",
        "parent": "1",
        "nodeType": "ANSWERTYPE",
        "navigationType": "",
        "nodeName": "重复问",
        "isleaf": false
    },
    {
        "key":"1-5-1",
        "parent": "1-5",
        "nodeType": "QUESTION",
        "navigationType": "blue",
        "nodeName": "重复问",
        "isleaf": true
    },
    {
        "key": "2",
        "parent": "RobotQRoot",
        "nodeType": "QUESTION",
        "navigationType": "",
        "nodeName": "是否方便",
        "isleaf": false
    },
    {
        "key": "2-1",
        "parent": "2",
        "nodeType": "ANSWERTYPE",
        "navigationType": "",
        "nodeName": "是",
        "isleaf": false
    },
    {
        "key": "2-1-1",
        "parent": "2-1",
        "nodeType": "QUESTION",
        "navigationType": "green",
        "nodeName": "身份校验",
        "isleaf": true
    },
    {
        "key": "2-1-2",
        "parent": "2-1",
        "nodeType": "QUESTION",
        "navigationType": "blue",
        "nodeName": "重复问",
        "isleaf": true
    },
    {
        "key": "2-2",
        "parent": "2",
        "nodeType": "ANSWERTYPE",
        "navigationType": "",
        "nodeName": "否",
        "isleaf": false
    },
    {
        "key": "2-2-1",
        "parent": "2-2",
        "nodeType": "QUESTION",
        "navigationType": "green",
        "nodeName": "不方便",
        "isleaf": true
    },
    {
        "key": "2-3",
        "parent": "2",
        "nodeType": "ANSWERTYPE",
        "navigationType": "",
        "nodeName": "其他",
        "isleaf": false
    },
    {
        "key": "2-3-1",
        "parent": "2-3",
        "nodeType": "QUESTION",
        "navigationType": "red",
        "nodeName": "解析失败",
        "isleaf": true
    },
    {
        "key":"GapNode",
        "parent": "",
        "nodeType": "FUNCTION",
        "navigationType": "",
        "nodeName": "",
        "isleaf": false
    },
    {
        "key":"TitleNode",
        "parent": "",
        "nodeType": "FUNCTION",
        "navigationType": "",
        "nodeName": "全局通用问题设定",
        "isleaf": false
    },
    {
        "key": "AddGeneralQ",
        "parent": "",
        "nodeType": "FUNCTION",
        "navigationType": "",
        "nodeName": "+新增情景",
        "isleaf": false
    },
    {
        "key": "GeneralQRoot",
        "parent": "",
        "nodeType": "FUNCTION",
        "navigationType": "red",
        "nodeName": "GeneralQRoot",
        "isleaf": false
    },
    {
        "key": "G1",
        "parent": "GeneralQRoot",
        "nodeType": "QUESTION",
        "navigationType": "red",
        "nodeName": "退出对话",
        "isleaf": false
    },
    {
        "key": "G2",
        "parent": "GeneralQRoot",
        "nodeType": "QUESTION",
        "navigationType": "red",
        "nodeName": "文本",
        "isleaf": false
    }
]