{
  "entry": {
    "triggers": []
  },
  "nodeList": [
    {
      "isGlobal": true,
      "isRelevant": false,
      "nodeId": "exit",
      "title": "结束"
    },
    {
      "answerTypes": [
        {
          "enabled": true,
          "navigations": [
            {
              "action": {
                "navigateTo": {
                  "nodeId": "rwzx58sejzo",
                  "nodePresetTexts": "重复问题"
                },
                "otherActions": []
              },
              "conditions": [
                {
                  "operator": "=",
                  "param1": "res",
                  "param1value": "是",
                  "param2type": "value",
                  "parem2type": "value",
                  "parem2value": ""
                }
              ],
              "navId": "nav-1lk58bn86pe",
              "operator": "or"
            }
          ],
          "type": "告知"
        },
        {
          "enabled": true,
          "navigations": [
            {
              "action": {
                "navigateTo": {
                  "nodeId": "8mrabsz7l7",
                  "nodePresetTexts": "预设文本"
                },
                "otherActions": []
              },
              "conditions": [],
              "navId": "nav-wr9fx8bqria",
              "operator": "or"
            }
          ],
          "type": "文本"
        },
        {
          "enabled": true,
          "navigations": [
            {
              "action": {
                "navigateTo": {
                  "nodeId": "rwzx58sejzo",
                  "nodePresetTexts": "重复问题"
                },
                "otherActions": []
              },
              "conditions": [],
              "navId": "nav-u8yywrqoynl",
              "operator": "or"
            }
          ],
          "type": "提问"
        },
        {
          "enabled": false,
          "navigations": [],
          "type": "不知道"
        },
        {
          "enabled": false,
          "navigations": [],
          "type": "催促"
        },
        {
          "enabled": false,
          "navigations": [],
          "type": "未能获得答案"
        },
        {
          "enabled": false,
          "navigations": [],
          "type": "全选"
        },
        {
          "enabled": false,
          "navigations": [],
          "type": "不确定"
        },
        {
          "enabled": false,
          "navigations": [],
          "type": "随意"
        },
        {
          "enabled": false,
          "navigations": [],
          "type": "拒绝告知"
        },
        {
          "enabled": false,
          "navigations": [],
          "type": "回避"
        },
        {
          "enabled": false,
          "navigations": [],
          "type": "是"
        },
        {
          "enabled": false,
          "navigations": [],
          "type": "否"
        },
        {
          "enabled": true,
          "navigations": [
            {
              "action": {
                "navigateTo": {
                  "nodeId": "rwzx58sejzo",
                  "nodePresetTexts": "解析失败"
                },
                "otherActions": []
              },
              "conditions": [],
              "navId": "nav-y0w1m76b17m",
              "operator": "or"
            }
          ],
          "type": "其他"
        }
      ],
      "generalAnswerType": [
        {
          "enabled": true,
          "type": "告知"
        },
        {
          "enabled": true,
          "type": "转人工"
        },
        {
          "enabled": true,
          "type": "继续"
        },
        {
          "enabled": true,
          "type": "命令重复"
        },
        {
          "enabled": true,
          "type": "寒暄"
        },
        {
          "enabled": true,
          "type": "告知等待"
        },
        {
          "enabled": true,
          "type": "告别"
        },
        {
          "enabled": true,
          "type": "退出"
        }
      ],
      "isGlobal": false,
      "isRelevant": false,
      "nodeId": "rwzx58sejzo",
      "parserId": "001",
      "presetTexts": [
        {
          "title": "预设问题",
          "value": "请问是$name本人吗？"
        },
        {
          "count": 3,
          "title": "解析失败",
          "toNodeId": "exit",
          "type": "system",
          "value": "请问是$name本人吗？"
        },
        {
          "count": 3,
          "title": "重复问题",
          "toNodeId": "exit",
          "type": "system",
          "value": "请问是$name本人吗？"
        }
      ],
      "relevantParent": null,
      "title": "确认本人"
    },
    {
      "answerTypes": [
        {
          "enabled": false,
          "navigations": [],
          "type": "告知"
        },
        {
          "enabled": false,
          "navigations": [],
          "type": "文本"
        },
        {
          "enabled": false,
          "navigations": [],
          "type": "提问"
        },
        {
          "enabled": false,
          "navigations": [],
          "type": "不知道"
        },
        {
          "enabled": false,
          "navigations": [],
          "type": "催促"
        },
        {
          "enabled": false,
          "navigations": [],
          "type": "未能获得答案"
        },
        {
          "enabled": false,
          "navigations": [],
          "type": "全选"
        },
        {
          "enabled": false,
          "navigations": [],
          "type": "不确定"
        },
        {
          "enabled": false,
          "navigations": [],
          "type": "随意"
        },
        {
          "enabled": false,
          "navigations": [],
          "type": "拒绝告知"
        },
        {
          "enabled": false,
          "navigations": [],
          "type": "回避"
        },
        {
          "enabled": true,
          "navigations": [
            {
              "action": {
                "navigateTo": {
                  "nodeId": "h90gjyms14q",
                  "nodePresetTexts": "预设问题"
                },
                "otherActions": []
              },
              "conditions": [],
              "navId": "nav-ks93zfxj5bf",
              "operator": "or"
            }
          ],
          "type": "是"
        },
        {
          "enabled": true,
          "navigations": [
            {
              "action": {
                "navigateTo": {
                  "nodeId": "gs8imc96u0g",
                  "nodePresetTexts": "预设问题"
                },
                "otherActions": []
              },
              "conditions": [],
              "navId": "nav-1zho4uawgat",
              "operator": "or"
            }
          ],
          "type": "否"
        },
        {
          "enabled": true,
          "navigations": [
            {
              "action": {
                "navigateTo": {
                  "nodeId": "3thnx8nkawj",
                  "nodePresetTexts": "解析失败"
                },
                "otherActions": []
              },
              "conditions": [],
              "navId": "nav-0wix4f1wo9k8",
              "operator": "or"
            }
          ],
          "type": "其他"
        }
      ],
      "generalAnswerType": [
        {
          "enabled": true,
          "type": "告知"
        },
        {
          "enabled": true,
          "type": "转人工"
        },
        {
          "enabled": true,
          "type": "继续"
        },
        {
          "enabled": true,
          "type": "命令重复"
        },
        {
          "enabled": true,
          "type": "寒暄"
        },
        {
          "enabled": true,
          "type": "告知等待"
        },
        {
          "enabled": true,
          "type": "告别"
        },
        {
          "enabled": true,
          "type": "退出"
        }
      ],
      "isGlobal": false,
      "isRelevant": false,
      "nodeId": "3thnx8nkawj",
      "parserId": "005",
      "presetTexts": [
        {
          "title": "预设问题",
          "value": "请问您现在是否方便？"
        },
        {
          "count": 3,
          "title": "重复问题",
          "toNodeId": "exit",
          "type": "system",
          "value": "请问您现在是否方便？"
        },
        {
          "count": 3,
          "title": "解析失败",
          "toNodeId": "exit",
          "type": "system",
          "value": "请问您现在是否方便"
        }
      ],
      "relevantParent": null,
      "title": "是否方便"
    },
    {
      "answerTypes": [
        {
          "enabled": true,
          "navigations": [
            {
              "action": {
                "navigateTo": {
                  "nodeId": "qbuhnyqwexn",
                  "nodePresetTexts": "预设问题"
                },
                "otherActions": []
              },
              "conditions": [],
              "navId": "nav-dqp5ahg3dgt",
              "operator": "or"
            },
            {
              "action": {
                "navigateTo": {
                  "nodeId": "h90gjyms14q",
                  "nodePresetTexts": "重复问题"
                },
                "otherActions": []
              },
              "conditions": [],
              "navId": "nav-eb42hkdln1u",
              "operator": "or"
            }
          ],
          "type": "告知"
        },
        {
          "enabled": false,
          "navigations": [],
          "type": "文本"
        },
        {
          "enabled": false,
          "navigations": [],
          "type": "提问"
        },
        {
          "enabled": false,
          "navigations": [],
          "type": "不知道"
        },
        {
          "enabled": false,
          "navigations": [],
          "type": "催促"
        },
        {
          "enabled": false,
          "navigations": [],
          "type": "未能获得答案"
        },
        {
          "enabled": false,
          "navigations": [],
          "type": "全选"
        },
        {
          "enabled": false,
          "navigations": [],
          "type": "不确定"
        },
        {
          "enabled": false,
          "navigations": [],
          "type": "随意"
        },
        {
          "enabled": false,
          "navigations": [],
          "type": "拒绝告知"
        },
        {
          "enabled": false,
          "navigations": [],
          "type": "回避"
        },
        {
          "enabled": false,
          "navigations": [],
          "type": "是"
        },
        {
          "enabled": true,
          "navigations": [
            {
              "action": {
                "navigateTo": {
                  "nodeId": "h90gjyms14q",
                  "nodePresetTexts": "重复问题"
                },
                "otherActions": []
              },
              "conditions": [],
              "navId": "nav-n4enrjdls3",
              "operator": "or"
            }
          ],
          "type": "否"
        },
        {
          "enabled": true,
          "navigations": [
            {
              "action": {
                "navigateTo": {
                  "nodeId": "h90gjyms14q",
                  "nodePresetTexts": "解析失败"
                },
                "otherActions": []
              },
              "conditions": [],
              "navId": "nav-wtlicfovp3",
              "operator": "or"
            }
          ],
          "type": "其他"
        }
      ],
      "generalAnswerType": [
        {
          "enabled": true,
          "type": "告知"
        },
        {
          "enabled": true,
          "type": "转人工"
        },
        {
          "enabled": true,
          "type": "继续"
        },
        {
          "enabled": true,
          "type": "命令重复"
        },
        {
          "enabled": true,
          "type": "寒暄"
        },
        {
          "enabled": true,
          "type": "告知等待"
        },
        {
          "enabled": true,
          "type": "告别"
        },
        {
          "enabled": true,
          "type": "退出"
        }
      ],
      "isGlobal": false,
      "isRelevant": false,
      "nodeId": "h90gjyms14q",
      "parserId": "004",
      "presetTexts": [
        {
          "title": "预设问题",
          "value": "能否告知您的身份证号码？"
        },
        {
          "count": 3,
          "title": "重复问题",
          "toNodeId": "退出对话",
          "type": "system",
          "value": "能否告知您的身份证号码？"
        },
        {
          "count": 3,
          "title": "解析失败",
          "toNodeId": "exit",
          "type": "system",
          "value": "身份证号码错误，请重新输入"
        }
      ],
      "relevantParent": null,
      "title": "身份验证"
    },
    {
      "answerTypes": [
        {
          "enabled": false,
          "navigations": [],
          "type": "告知"
        },
        {
          "enabled": false,
          "navigations": [],
          "type": "文本"
        },
        {
          "enabled": false,
          "navigations": [],
          "type": "提问"
        },
        {
          "enabled": false,
          "navigations": [],
          "type": "不知道"
        },
        {
          "enabled": false,
          "navigations": [],
          "type": "催促"
        },
        {
          "enabled": false,
          "navigations": [],
          "type": "未能获得答案"
        },
        {
          "enabled": false,
          "navigations": [],
          "type": "全选"
        },
        {
          "enabled": false,
          "navigations": [],
          "type": "不确定"
        },
        {
          "enabled": false,
          "navigations": [],
          "type": "随意"
        },
        {
          "enabled": false,
          "navigations": [],
          "type": "拒绝告知"
        },
        {
          "enabled": false,
          "navigations": [],
          "type": "回避"
        },
        {
          "enabled": true,
          "navigations": [
            {
              "action": {
                "navigateTo": {
                  "nodeId": "o1uvxkh1tcd",
                  "nodePresetTexts": "预设问题"
                },
                "otherActions": []
              },
              "conditions": [],
              "navId": "nav-nl6k3nagnke",
              "operator": "or"
            }
          ],
          "type": "是"
        },
        {
          "enabled": true,
          "navigations": [
            {
              "action": {
                "navigateTo": {
                  "nodeId": "qbuhnyqwexn",
                  "nodePresetTexts": "重复问题"
                },
                "otherActions": []
              },
              "conditions": [],
              "navId": "nav-y9boltvi11",
              "operator": "or"
            }
          ],
          "type": "否"
        },
        {
          "enabled": true,
          "navigations": [
            {
              "action": {
                "navigateTo": {
                  "nodeId": "qbuhnyqwexn",
                  "nodePresetTexts": "重复问题"
                },
                "otherActions": []
              },
              "conditions": [],
              "navId": "nav-vl439bhiw7f",
              "operator": "or"
            }
          ],
          "type": "其他"
        }
      ],
      "generalAnswerType": [
        {
          "enabled": true,
          "type": "告知"
        },
        {
          "enabled": true,
          "type": "转人工"
        },
        {
          "enabled": true,
          "type": "继续"
        },
        {
          "enabled": true,
          "type": "命令重复"
        },
        {
          "enabled": true,
          "type": "寒暄"
        },
        {
          "enabled": true,
          "type": "告知等待"
        },
        {
          "enabled": true,
          "type": "告别"
        },
        {
          "enabled": true,
          "type": "退出"
        }
      ],
      "isGlobal": false,
      "isRelevant": false,
      "nodeId": "qbuhnyqwexn",
      "parserId": "",
      "presetTexts": [
        {
          "title": "预设问题",
          "value": "请问您是否购买过我们的产品？"
        },
        {
          "count": 3,
          "title": "重复问题",
          "toNodeId": "exit",
          "type": "system",
          "value": "请问您是否购买过我们的产品？"
        }
      ],
      "relevantParent": null,
      "title": "是否购买过"
    },
    {
      "answerTypes": [
        {
          "enabled": false,
          "navigations": [],
          "type": "告知"
        },
        {
          "enabled": false,
          "navigations": [],
          "type": "文本"
        },
        {
          "enabled": false,
          "navigations": [],
          "type": "提问"
        },
        {
          "enabled": false,
          "navigations": [],
          "type": "不知道"
        },
        {
          "enabled": false,
          "navigations": [],
          "type": "催促"
        },
        {
          "enabled": false,
          "navigations": [],
          "type": "未能获得答案"
        },
        {
          "enabled": false,
          "navigations": [],
          "type": "全选"
        },
        {
          "enabled": false,
          "navigations": [],
          "type": "不确定"
        },
        {
          "enabled": false,
          "navigations": [],
          "type": "随意"
        },
        {
          "enabled": false,
          "navigations": [],
          "type": "拒绝告知"
        },
        {
          "enabled": false,
          "navigations": [],
          "type": "回避"
        },
        {
          "enabled": true,
          "navigations": [
            {
              "action": {
                "navigateTo": {
                  "nodeId": "xk6b813o9g",
                  "nodePresetTexts": "预设问题"
                },
                "otherActions": []
              },
              "conditions": [],
              "navId": "nav-jaxfgzwawp",
              "operator": "or"
            }
          ],
          "type": "是"
        },
        {
          "enabled": true,
          "navigations": [
            {
              "action": {
                "navigateTo": {
                  "nodeId": "o1uvxkh1tcd",
                  "nodePresetTexts": "重复问题"
                },
                "otherActions": []
              },
              "conditions": [],
              "navId": "nav-udl5i1w517k",
              "operator": "or"
            }
          ],
          "type": "否"
        },
        {
          "enabled": true,
          "navigations": [
            {
              "action": {
                "navigateTo": {
                  "nodeId": "o1uvxkh1tcd",
                  "nodePresetTexts": "重复问题"
                },
                "otherActions": []
              },
              "conditions": [],
              "navId": "nav-59542ukimo",
              "operator": "or"
            }
          ],
          "type": "其他"
        }
      ],
      "generalAnswerType": [
        {
          "enabled": true,
          "type": "告知"
        },
        {
          "enabled": true,
          "type": "转人工"
        },
        {
          "enabled": true,
          "type": "继续"
        },
        {
          "enabled": true,
          "type": "命令重复"
        },
        {
          "enabled": true,
          "type": "寒暄"
        },
        {
          "enabled": true,
          "type": "告知等待"
        },
        {
          "enabled": true,
          "type": "告别"
        },
        {
          "enabled": true,
          "type": "退出"
        }
      ],
      "isGlobal": false,
      "isRelevant": false,
      "nodeId": "o1uvxkh1tcd",
      "parserId": "",
      "presetTexts": [
        {
          "title": "预设问题",
          "value": "请问您是否收到我们的合同？"
        },
        {
          "count": 3,
          "title": "重复问题",
          "toNodeId": "exit",
          "type": "system",
          "value": "请问您是否收到我们的合同？"
        }
      ],
      "relevantParent": null,
      "title": "是否收到合同"
    },
    {
      "answerTypes": [
        {
          "enabled": false,
          "navigations": [],
          "type": "告知"
        },
        {
          "enabled": false,
          "navigations": [],
          "type": "文本"
        },
        {
          "enabled": false,
          "navigations": [],
          "type": "提问"
        },
        {
          "enabled": false,
          "navigations": [],
          "type": "不知道"
        },
        {
          "enabled": false,
          "navigations": [],
          "type": "催促"
        },
        {
          "enabled": false,
          "navigations": [],
          "type": "未能获得答案"
        },
        {
          "enabled": false,
          "navigations": [],
          "type": "全选"
        },
        {
          "enabled": false,
          "navigations": [],
          "type": "不确定"
        },
        {
          "enabled": false,
          "navigations": [],
          "type": "随意"
        },
        {
          "enabled": false,
          "navigations": [],
          "type": "拒绝告知"
        },
        {
          "enabled": false,
          "navigations": [],
          "type": "回避"
        },
        {
          "enabled": true,
          "navigations": [
            {
              "action": {
                "navigateTo": {
                  "nodeId": "y9jewvwx8qq",
                  "nodePresetTexts": "预设问题"
                },
                "otherActions": []
              },
              "conditions": [],
              "navId": "nav-mfzcce0cxpa",
              "operator": "or"
            }
          ],
          "type": "是"
        },
        {
          "enabled": true,
          "navigations": [
            {
              "action": {
                "navigateTo": {
                  "nodeId": "exit",
                  "nodePresetTexts": ""
                },
                "otherActions": []
              },
              "conditions": [],
              "navId": "nav-8oi3p6u909e",
              "operator": "or"
            }
          ],
          "type": "否"
        },
        {
          "enabled": true,
          "navigations": [
            {
              "action": {
                "navigateTo": {
                  "nodeId": "exit",
                  "nodePresetTexts": ""
                },
                "otherActions": []
              },
              "conditions": [],
              "navId": "nav-gtu324j6xy",
              "operator": "or"
            }
          ],
          "type": "其他"
        }
      ],
      "generalAnswerType": [
        {
          "enabled": true,
          "type": "告知"
        },
        {
          "enabled": true,
          "type": "转人工"
        },
        {
          "enabled": true,
          "type": "继续"
        },
        {
          "enabled": true,
          "type": "命令重复"
        },
        {
          "enabled": true,
          "type": "寒暄"
        },
        {
          "enabled": true,
          "type": "告知等待"
        },
        {
          "enabled": true,
          "type": "告别"
        },
        {
          "enabled": true,
          "type": "退出"
        }
      ],
      "isGlobal": false,
      "isRelevant": false,
      "nodeId": "xk6b813o9g",
      "parserId": "",
      "presetTexts": [
        {
          "title": "预设问题",
          "value": ""
        }
      ],
      "relevantParent": null,
      "title": "是否本人签名"
    },
    {
      "answerTypes": [
        {
          "enabled": false,
          "navigations": [
            {
              "action": {
                "navigateTo": {
                  "nodeId": "",
                  "nodePresetTexts": ""
                },
                "otherActions": []
              },
              "conditions": [],
              "navId": "nav-fokgd9wou2w",
              "operator": "or"
            }
          ],
          "type": "告知"
        },
        {
          "enabled": false,
          "navigations": [],
          "type": "文本"
        },
        {
          "enabled": false,
          "navigations": [],
          "type": "提问"
        },
        {
          "enabled": false,
          "navigations": [],
          "type": "不知道"
        },
        {
          "enabled": false,
          "navigations": [],
          "type": "催促"
        },
        {
          "enabled": false,
          "navigations": [],
          "type": "未能获得答案"
        },
        {
          "enabled": false,
          "navigations": [],
          "type": "全选"
        },
        {
          "enabled": false,
          "navigations": [],
          "type": "不确定"
        },
        {
          "enabled": false,
          "navigations": [],
          "type": "随意"
        },
        {
          "enabled": false,
          "navigations": [],
          "type": "拒绝告知"
        },
        {
          "enabled": false,
          "navigations": [],
          "type": "回避"
        },
        {
          "enabled": true,
          "navigations": [
            {
              "action": {
                "navigateTo": {
                  "nodeId": "exit",
                  "nodePresetTexts": ""
                },
                "otherActions": []
              },
              "conditions": [],
              "navId": "nav-352rqwkqqf3",
              "operator": "or"
            }
          ],
          "type": "是"
        },
        {
          "enabled": true,
          "navigations": [
            {
              "action": {
                "navigateTo": {
                  "nodeId": "rwzx58sejzo",
                  "nodePresetTexts": "预设问题"
                },
                "otherActions": []
              },
              "conditions": [],
              "navId": "nav-ya9z2467fqo",
              "operator": "or"
            }
          ],
          "type": "否"
        },
        {
          "enabled": false,
          "navigations": [],
          "type": "其他"
        }
      ],
      "generalAnswerType": [
        {
          "enabled": true,
          "type": "告知"
        },
        {
          "enabled": true,
          "type": "转人工"
        },
        {
          "enabled": true,
          "type": "继续"
        },
        {
          "enabled": true,
          "type": "命令重复"
        },
        {
          "enabled": true,
          "type": "寒暄"
        },
        {
          "enabled": true,
          "type": "告知等待"
        },
        {
          "enabled": true,
          "type": "告别"
        },
        {
          "enabled": true,
          "type": "退出"
        }
      ],
      "isGlobal": true,
      "isRelevant": false,
      "nodeId": "gs8imc96u0g",
      "parserId": "005",
      "presetTexts": [
        {
          "title": "预设问题",
          "value": "感谢您的配合，确定退出对话吗？"
        },
        {
          "title": "感谢提供新号码",
          "type": "user",
          "value": "非常感谢您为我们提供新号码，结束对话"
        }
      ],
      "relevantParent": null,
      "title": "退出对话"
    },
    {
      "answerTypes": [
        {
          "enabled": false,
          "navigations": [],
          "type": "告知"
        },
        {
          "enabled": false,
          "navigations": [],
          "type": "文本"
        },
        {
          "enabled": false,
          "navigations": [],
          "type": "提问"
        },
        {
          "enabled": false,
          "navigations": [],
          "type": "不知道"
        },
        {
          "enabled": false,
          "navigations": [],
          "type": "催促"
        },
        {
          "enabled": false,
          "navigations": [],
          "type": "未能获得答案"
        },
        {
          "enabled": false,
          "navigations": [],
          "type": "全选"
        },
        {
          "enabled": false,
          "navigations": [],
          "type": "不确定"
        },
        {
          "enabled": false,
          "navigations": [],
          "type": "随意"
        },
        {
          "enabled": false,
          "navigations": [],
          "type": "拒绝告知"
        },
        {
          "enabled": false,
          "navigations": [],
          "type": "回避"
        },
        {
          "enabled": true,
          "navigations": [
            {
              "action": {
                "navigateTo": {
                  "nodeId": "xjsjaw6tbsf",
                  "nodePresetTexts": "预设问题"
                },
                "otherActions": []
              },
              "conditions": [],
              "navId": "nav-6qpuvqz5xqk",
              "operator": "or"
            }
          ],
          "type": "是"
        },
        {
          "enabled": true,
          "navigations": [
            {
              "action": {
                "navigateTo": {
                  "nodeId": "gs8imc96u0g",
                  "nodePresetTexts": "预设问题"
                },
                "otherActions": []
              },
              "conditions": [],
              "navId": "nav-i0f3tddv6op",
              "operator": "or"
            }
          ],
          "type": "否"
        },
        {
          "enabled": true,
          "navigations": [
            {
              "action": {
                "navigateTo": {
                  "nodeId": "8mrabsz7l7",
                  "nodePresetTexts": "解析失败"
                },
                "otherActions": []
              },
              "conditions": [],
              "navId": "nav-39a0z2fw9e5",
              "operator": "or"
            }
          ],
          "type": "其他"
        }
      ],
      "generalAnswerType": [
        {
          "enabled": true,
          "type": "告知"
        },
        {
          "enabled": true,
          "type": "转人工"
        },
        {
          "enabled": true,
          "type": "继续"
        },
        {
          "enabled": true,
          "type": "命令重复"
        },
        {
          "enabled": true,
          "type": "寒暄"
        },
        {
          "enabled": true,
          "type": "告知等待"
        },
        {
          "enabled": true,
          "type": "告别"
        },
        {
          "enabled": true,
          "type": "退出"
        }
      ],
      "isGlobal": false,
      "isRelevant": true,
      "nodeId": "8mrabsz7l7",
      "parserId": "005",
      "presetTexts": [
        {
          "title": "预设问题",
          "value": "请问您是否认识$name呢？"
        },
        {
          "count": 3,
          "title": "解析失败",
          "toNodeId": "结束",
          "type": "system",
          "value": "请问您是否认识$name呢？"
        }
      ],
      "relevantParent": {
        "answerType": "文本",
        "nodeId": "rwzx58sejzo"
      },
      "title": "是否认识"
    },
    {
      "answerTypes": [
        {
          "enabled": false,
          "navigations": [],
          "type": "告知"
        },
        {
          "enabled": false,
          "navigations": [],
          "type": "文本"
        },
        {
          "enabled": false,
          "navigations": [],
          "type": "提问"
        },
        {
          "enabled": false,
          "navigations": [],
          "type": "不知道"
        },
        {
          "enabled": false,
          "navigations": [],
          "type": "催促"
        },
        {
          "enabled": false,
          "navigations": [],
          "type": "未能获得答案"
        },
        {
          "enabled": false,
          "navigations": [],
          "type": "全选"
        },
        {
          "enabled": false,
          "navigations": [],
          "type": "不确定"
        },
        {
          "enabled": false,
          "navigations": [],
          "type": "随意"
        },
        {
          "enabled": false,
          "navigations": [],
          "type": "拒绝告知"
        },
        {
          "enabled": false,
          "navigations": [],
          "type": "回避"
        },
        {
          "enabled": true,
          "navigations": [
            {
              "action": {
                "navigateTo": {
                  "nodeId": "gs8imc96u0g",
                  "nodePresetTexts": "感谢提供新号码"
                },
                "otherActions": []
              },
              "conditions": [],
              "navId": "nav-2t5n3xh19wu",
              "operator": "or"
            },
            {
              "action": {
                "navigateTo": {
                  "nodeId": "3ivn73k7e6h",
                  "nodePresetTexts": "预设问题"
                },
                "otherActions": []
              },
              "conditions": [],
              "navId": "nav-otlza6ktd2",
              "operator": "or"
            }
          ],
          "type": "是"
        },
        {
          "enabled": true,
          "navigations": [
            {
              "action": {
                "navigateTo": {
                  "nodeId": "xjsjaw6tbsf",
                  "nodePresetTexts": "重复问题"
                },
                "otherActions": []
              },
              "conditions": [],
              "navId": "nav-u5tiijt90aj",
              "operator": "or"
            }
          ],
          "type": "否"
        },
        {
          "enabled": true,
          "navigations": [
            {
              "action": {
                "navigateTo": {
                  "nodeId": "xjsjaw6tbsf",
                  "nodePresetTexts": "解析失败"
                },
                "otherActions": []
              },
              "conditions": [],
              "navId": "nav-0alr1638h3uo",
              "operator": "or"
            }
          ],
          "type": "其他"
        }
      ],
      "generalAnswerType": [
        {
          "enabled": true,
          "type": "告知"
        },
        {
          "enabled": true,
          "type": "转人工"
        },
        {
          "enabled": true,
          "type": "继续"
        },
        {
          "enabled": true,
          "type": "命令重复"
        },
        {
          "enabled": true,
          "type": "寒暄"
        },
        {
          "enabled": true,
          "type": "告知等待"
        },
        {
          "enabled": true,
          "type": "告别"
        },
        {
          "enabled": true,
          "type": "退出"
        }
      ],
      "isGlobal": false,
      "isRelevant": true,
      "nodeId": "xjsjaw6tbsf",
      "parserId": "005",
      "presetTexts": [
        {
          "title": "预设问题",
          "value": "能否提供$name新号码给我们呢？"
        },
        {
          "count": 3,
          "title": "解析失败",
          "toNodeId": "结束",
          "type": "system",
          "value": "能否提供$name的新号码呢？"
        },
        {
          "count": 3,
          "title": "重复问题",
          "toNodeId": "结束",
          "type": "system",
          "value": "能否提供$name的新号码给我们呢？"
        }
      ],
      "relevantParent": {
        "answerType": "是",
        "nodeId": "8mrabsz7l7"
      },
      "title": "提供新号码"
    },
    {
      "answerTypes": [
        {
          "enabled": true,
          "navigations": [],
          "type": "告知"
        },
        {
          "enabled": false,
          "navigations": [],
          "type": "文本"
        },
        {
          "enabled": false,
          "navigations": [],
          "type": "提问"
        },
        {
          "enabled": false,
          "navigations": [],
          "type": "不知道"
        },
        {
          "enabled": false,
          "navigations": [],
          "type": "催促"
        },
        {
          "enabled": false,
          "navigations": [],
          "type": "未能获得答案"
        },
        {
          "enabled": false,
          "navigations": [],
          "type": "全选"
        },
        {
          "enabled": false,
          "navigations": [],
          "type": "不确定"
        },
        {
          "enabled": false,
          "navigations": [],
          "type": "随意"
        },
        {
          "enabled": false,
          "navigations": [],
          "type": "拒绝告知"
        },
        {
          "enabled": false,
          "navigations": [],
          "type": "回避"
        },
        {
          "enabled": false,
          "navigations": [],
          "type": "是"
        },
        {
          "enabled": false,
          "navigations": [],
          "type": "否"
        },
        {
          "enabled": true,
          "navigations": [],
          "type": "其他"
        }
      ],
      "generalAnswerType": [
        {
          "enabled": true,
          "type": "告知"
        },
        {
          "enabled": true,
          "type": "转人工"
        },
        {
          "enabled": true,
          "type": "继续"
        },
        {
          "enabled": true,
          "type": "命令重复"
        },
        {
          "enabled": true,
          "type": "寒暄"
        },
        {
          "enabled": true,
          "type": "告知等待"
        },
        {
          "enabled": true,
          "type": "告别"
        },
        {
          "enabled": true,
          "type": "退出"
        }
      ],
      "isGlobal": false,
      "isRelevant": true,
      "nodeId": "y9jewvwx8qq",
      "parserId": "",
      "presetTexts": [
        {
          "title": "预设问题",
          "value": ""
        }
      ],
      "relevantParent": {
        "answerType": "是",
        "nodeId": "xk6b813o9g"
      },
      "title": "是否满意"
    },
    {
      "answerTypes": [
        {
          "enabled": true,
          "navigations": [],
          "type": "告知"
        },
        {
          "enabled": false,
          "navigations": [],
          "type": "文本"
        },
        {
          "enabled": false,
          "navigations": [],
          "type": "提问"
        },
        {
          "enabled": false,
          "navigations": [],
          "type": "不知道"
        },
        {
          "enabled": false,
          "navigations": [],
          "type": "催促"
        },
        {
          "enabled": false,
          "navigations": [],
          "type": "未能获得答案"
        },
        {
          "enabled": false,
          "navigations": [],
          "type": "全选"
        },
        {
          "enabled": false,
          "navigations": [],
          "type": "不确定"
        },
        {
          "enabled": false,
          "navigations": [],
          "type": "随意"
        },
        {
          "enabled": false,
          "navigations": [],
          "type": "拒绝告知"
        },
        {
          "enabled": false,
          "navigations": [],
          "type": "回避"
        },
        {
          "enabled": false,
          "navigations": [],
          "type": "是"
        },
        {
          "enabled": false,
          "navigations": [],
          "type": "否"
        },
        {
          "enabled": true,
          "navigations": [],
          "type": "其他"
        }
      ],
      "generalAnswerType": [
        {
          "enabled": true,
          "type": "告知"
        },
        {
          "enabled": true,
          "type": "转人工"
        },
        {
          "enabled": true,
          "type": "继续"
        },
        {
          "enabled": true,
          "type": "命令重复"
        },
        {
          "enabled": true,
          "type": "寒暄"
        },
        {
          "enabled": true,
          "type": "告知等待"
        },
        {
          "enabled": true,
          "type": "告别"
        },
        {
          "enabled": true,
          "type": "退出"
        }
      ],
      "isGlobal": false,
      "isRelevant": true,
      "nodeId": "3ivn73k7e6h",
      "parserId": "",
      "presetTexts": [
        {
          "title": "预设问题",
          "value": ""
        }
      ],
      "relevantParent": {
        "answerType": "是",
        "nodeId": "xjsjaw6tbsf"
      },
      "title": "是否能帮忙联系？"
    }
  ],
  "taskId": "72da9dfb034d519e82d3451dec332b7f-1234",
  "taskName": "招商信诺回访"
}