{
  "entry": {
    "triggers": [
      {
        "intentId": "001",
        "type": "intent",
        "value": "意图1"
      },
      {
        "type": "keyword",
        "value": "招商信诺回访"
      }
    ]
  },
  "nodeList": [
    {
      "answerTypes": [
        {
          "enabled": true,
          "navigations": [
            {
              "action": {
                "navigateTo": {
                  "nodeId": "xhdtl3hlalp",
                  "nodePresetTexts": "预设问题"
                },
                "otherActions": []
              },
              "conditions": [],
              "navId": "001",
              "operator": "and"
            }
          ],
          "type": "告知"
        },
        {
          "enabled": true,
          "navigations": [
            {
              "action": {
                "navigateTo": {
                  "nodeId": "m54s7vcd12q",
                  "nodePresetTexts": "预设问题"
                },
                "otherActions": []
              },
              "conditions": [],
              "navId": "002"
            }
          ],
          "type": "文本"
        },
        {
          "enabled": false,
          "navigations": [],
          "type": "回问"
        },
        {
          "enabled": false,
          "navigations": [],
          "type": "不知道"
        },
        {
          "enabled": false,
          "navigations": [],
          "type": "催促"
        },
        {
          "enabled": false,
          "navigations": [],
          "type": "未能获得答案"
        },
        {
          "enabled": false,
          "navigations": [],
          "type": "全选"
        },
        {
          "enabled": false,
          "navigations": [],
          "type": "不确定"
        },
        {
          "enabled": false,
          "navigations": [],
          "type": "随意"
        },
        {
          "enabled": false,
          "navigations": [
            {
              "action": {
                "navigateTo": {
                  "nodeId": "",
                  "nodePresetTexts": ""
                },
                "otherActions": []
              },
              "conditions": [],
              "navId": "003"
            }
          ],
          "type": "拒绝告知"
        },
        {
          "enabled": false,
          "navigations": [],
          "type": "回避"
        },
        {
          "enabled": false,
          "navigations": [],
          "type": "是"
        },
        {
          "enabled": false,
          "navigations": [],
          "type": "否"
        },
        {
          "enabled": true,
          "navigations": [
            {
              "action": {
                "navigateTo": {
                  "nodeId": "qhevzpn0xd",
                  "nodePresetTexts": "重复问题"
                },
                "otherActions": []
              },
              "conditions": [],
              "navId": "004"
            }
          ],
          "type": "其他"
        }
      ],
      "generalAnswerType": [
        {
          "enabled": true,
          "type": "告知"
        },
        {
          "enabled": true,
          "type": "转人工"
        },
        {
          "enabled": true,
          "type": "继续"
        },
        {
          "enabled": true,
          "type": "命令重复"
        },
        {
          "enabled": true,
          "type": "寒暄"
        },
        {
          "enabled": true,
          "type": "告知等待"
        },
        {
          "enabled": true,
          "type": "告别"
        },
        {
          "enabled": true,
          "type": "退出"
        }
      ],
      "isGlobal": false,
      "isRelevant": false,
      "nodeId": "qhevzpn0xd",
      "parserId": "001",
      "presetTexts": [
        {
          "title": "预设问题",
          "value": "请问是$name本人吗？"
        },
        {
          "count": 5,
          "title": "重复问题",
          "toNodeId": "退出对话",
          "type": "system",
          "value": "能否告知是不是$name本人呢？"
        }
      ],
      "relevantParent": null,
      "title": "确认本人"
    },
    {
      "answerTypes": [
        {
          "enabled": false,
          "navigations": [
            {
              "action": {
                "navigateTo": {
                  "nodeId": "7jgw7pf7i0l",
                  "nodePresetTexts": "预设问题"
                },
                "otherActions": []
              },
              "conditions": [],
              "navId": "005",
              "operator": "and"
            }
          ],
          "type": "告知"
        },
        {
          "enabled": false,
          "navigations": [],
          "type": "文本"
        },
        {
          "enabled": false,
          "navigations": [],
          "type": "回问"
        },
        {
          "enabled": false,
          "navigations": [],
          "type": "不知道"
        },
        {
          "enabled": false,
          "navigations": [],
          "type": "催促"
        },
        {
          "enabled": false,
          "navigations": [],
          "type": "未能获得答案"
        },
        {
          "enabled": false,
          "navigations": [],
          "type": "全选"
        },
        {
          "enabled": false,
          "navigations": [],
          "type": "不确定"
        },
        {
          "enabled": false,
          "navigations": [],
          "type": "随意"
        },
        {
          "enabled": false,
          "navigations": [],
          "type": "拒绝告知"
        },
        {
          "enabled": false,
          "navigations": [],
          "type": "回避"
        },
        {
          "enabled": true,
          "navigations": [
            {
              "action": {
                "navigateTo": {
                  "nodeId": "cbi5ci586v4",
                  "nodePresetTexts": "预设问题"
                },
                "otherActions": []
              },
              "conditions": [],
              "navId": "006",
              "operator": "or"
            }
          ],
          "type": "是"
        },
        {
          "enabled": true,
          "navigations": [
            {
              "action": {
                "navigateTo": {
                  "nodeId": "u72nj5twacf",
                  "nodePresetTexts": "重复问题"
                },
                "otherActions": []
              },
              "conditions": [],
              "navId": "007",
              "operator": "and"
            }
          ],
          "type": "否"
        },
        {
          "enabled": true,
          "navigations": [
            {
              "action": {
                "navigateTo": {
                  "nodeId": "u72nj5twacf",
                  "nodePresetTexts": "解析失败"
                },
                "otherActions": []
              },
              "conditions": [],
              "navId": "008",
              "operator": "and"
            }
          ],
          "type": "其他"
        }
      ],
      "generalAnswerType": [
        {
          "enabled": true,
          "type": "告知"
        },
        {
          "enabled": true,
          "type": "转人工"
        },
        {
          "enabled": true,
          "type": "继续"
        },
        {
          "enabled": true,
          "type": "命令重复"
        },
        {
          "enabled": true,
          "type": "寒暄"
        },
        {
          "enabled": true,
          "type": "告知等待"
        },
        {
          "enabled": true,
          "type": "告别"
        },
        {
          "enabled": true,
          "type": "退出"
        }
      ],
      "isGlobal": false,
      "isRelevant": false,
      "nodeId": "u72nj5twacf",
      "parserId": "005",
      "presetTexts": [
        {
          "title": "预设问题",
          "value": "请问是$name本人吗？"
        },
        {
          "count": 1,
          "title": "解析失败",
          "toNodeId": "",
          "type": "system",
          "value": "谢谢您的配合"
        }
      ],
      "relevantParent": null,
      "title": "是否方便"
    },
    {
      "answerTypes": [
        {
          "enabled": true,
          "navigations": [
            {
              "action": {
                "navigateTo": {
                  "nodeId": "7jgw7pf7i0l",
                  "nodePresetTexts": "预设问题"
                },
                "otherActions": []
              },
              "conditions": [],
              "navId": "009",
              "operator": "and"
            }
          ],
          "type": "告知"
        },
        {
          "enabled": false,
          "navigations": [],
          "type": "文本"
        },
        {
          "enabled": false,
          "navigations": [],
          "type": "回问"
        },
        {
          "enabled": false,
          "navigations": [],
          "type": "不知道"
        },
        {
          "enabled": false,
          "navigations": [],
          "type": "催促"
        },
        {
          "enabled": false,
          "navigations": [],
          "type": "未能获得答案"
        },
        {
          "enabled": false,
          "navigations": [],
          "type": "全选"
        },
        {
          "enabled": false,
          "navigations": [],
          "type": "不确定"
        },
        {
          "enabled": false,
          "navigations": [],
          "type": "随意"
        },
        {
          "enabled": false,
          "navigations": [],
          "type": "拒绝告知"
        },
        {
          "enabled": false,
          "navigations": [],
          "type": "回避"
        },
        {
          "enabled": false,
          "navigations": [
            {
              "action": {
                "navigateTo": {
                  "nodeId": "cbi5ci586v4",
                  "nodePresetTexts": "预设问题"
                },
                "otherActions": []
              },
              "conditions": [],
              "operator": "or"
            }
          ],
          "type": "是"
        },
        {
          "enabled": true,
          "navigations": [
            {
              "action": {
                "navigateTo": {
                  "nodeId": "cbi5ci586v4",
                  "nodePresetTexts": "重复问题"
                },
                "otherActions": []
              },
              "conditions": [],
              "navId": "101",
              "operator": "and"
            }
          ],
          "type": "否"
        },
        {
          "enabled": true,
          "navigations": [
            {
              "action": {
                "navigateTo": {
                  "nodeId": "cbi5ci586v4",
                  "nodePresetTexts": "解析失败"
                },
                "otherActions": []
              },
              "conditions": [],
              "navId": "102",
              "operator": "and"
            }
          ],
          "type": "其他"
        }
      ],
      "generalAnswerType": [
        {
          "enabled": true,
          "type": "告知"
        },
        {
          "enabled": true,
          "type": "转人工"
        },
        {
          "enabled": true,
          "type": "继续"
        },
        {
          "enabled": true,
          "type": "命令重复"
        },
        {
          "enabled": true,
          "type": "寒暄"
        },
        {
          "enabled": true,
          "type": "告知等待"
        },
        {
          "enabled": true,
          "type": "告别"
        },
        {
          "enabled": true,
          "type": "退出"
        }
      ],
      "isGlobal": false,
      "isRelevant": false,
      "nodeId": "cbi5ci586v4",
      "parserId": "",
      "presetTexts": [
        {
          "title": "预设问题",
          "value": "能否输入您的身份证号码？"
        },
        {
          "count": 1,
          "title": "重复问题",
          "toNodeId": "",
          "type": "system",
          "value": "请问能告知您的身份证号码吗？"
        },
        {
          "count": 1,
          "title": "重复问题",
          "toNodeId": "",
          "type": "system",
          "value": "请问能告知您的身份证号码吗？"
        },
        {
          "count": 1,
          "title": "解析失败",
          "toNodeId": "",
          "type": "system",
          "value": "请问能告知您的身份证号码吗？"
        }
      ],
      "relevantParent": null,
      "title": "身份校验"
    },
    {
      "answerTypes": [
        {
          "enabled": true,
          "navigations": [
            {
              "action": {
                "navigateTo": {
                  "nodeId": "7jgw7pf7i0l",
                  "nodePresetTexts": "预设问题"
                },
                "otherActions": []
              },
              "conditions": [],
              "navId": "103",
              "operator": "and"
            }
          ],
          "type": "告知"
        },
        {
          "enabled": false,
          "navigations": [],
          "type": "文本"
        },
        {
          "enabled": false,
          "navigations": [],
          "type": "回问"
        },
        {
          "enabled": false,
          "navigations": [],
          "type": "不知道"
        },
        {
          "enabled": false,
          "navigations": [],
          "type": "催促"
        },
        {
          "enabled": false,
          "navigations": [],
          "type": "未能获得答案"
        },
        {
          "enabled": false,
          "navigations": [],
          "type": "全选"
        },
        {
          "enabled": false,
          "navigations": [],
          "type": "不确定"
        },
        {
          "enabled": false,
          "navigations": [],
          "type": "随意"
        },
        {
          "enabled": false,
          "navigations": [],
          "type": "拒绝告知"
        },
        {
          "enabled": false,
          "navigations": [],
          "type": "回避"
        },
        {
          "enabled": false,
          "navigations": [
            {
              "action": {
                "navigateTo": {
                  "nodeId": "cbi5ci586v4",
                  "nodePresetTexts": "预设问题"
                },
                "otherActions": []
              },
              "conditions": [],
              "navId": "104",
              "operator": "or"
            }
          ],
          "type": "是"
        },
        {
          "enabled": false,
          "navigations": [
            {
              "action": {
                "navigateTo": {
                  "nodeId": "cbi5ci586v4",
                  "nodePresetTexts": "重复问题"
                },
                "otherActions": []
              },
              "conditions": [],
              "navId": "105",
              "operator": "and"
            }
          ],
          "type": "否"
        },
        {
          "enabled": true,
          "navigations": [
            {
              "action": {
                "navigateTo": {
                  "nodeId": "cbi5ci586v4",
                  "nodePresetTexts": "解析失败"
                },
                "otherActions": []
              },
              "conditions": [],
              "navId": "106",
              "operator": "and"
            }
          ],
          "type": "其他"
        }
      ],
      "generalAnswerType": [
        {
          "enabled": true,
          "type": "告知"
        },
        {
          "enabled": true,
          "type": "转人工"
        },
        {
          "enabled": true,
          "type": "继续"
        },
        {
          "enabled": true,
          "type": "命令重复"
        },
        {
          "enabled": true,
          "type": "寒暄"
        },
        {
          "enabled": true,
          "type": "告知等待"
        },
        {
          "enabled": true,
          "type": "告别"
        },
        {
          "enabled": true,
          "type": "退出"
        }
      ],
      "isGlobal": false,
      "isRelevant": false,
      "nodeId": "7jgw7pf7i0l",
      "parserId": "",
      "presetTexts": [
        {
          "title": "预设问题",
          "value": "请问你是否购买过我们的产品？"
        }
      ],
      "relevantParent": null,
      "title": "是否购买过"
    },
    {
      "answerTypes": [
        {
          "enabled": false,
          "navigations": [],
          "type": "告知"
        },
        {
          "enabled": false,
          "navigations": [],
          "type": "文本"
        },
        {
          "enabled": false,
          "navigations": [],
          "type": "回问"
        },
        {
          "enabled": false,
          "navigations": [],
          "type": "不知道"
        },
        {
          "enabled": false,
          "navigations": [],
          "type": "催促"
        },
        {
          "enabled": false,
          "navigations": [],
          "type": "未能获得答案"
        },
        {
          "enabled": false,
          "navigations": [],
          "type": "全选"
        },
        {
          "enabled": false,
          "navigations": [],
          "type": "不确定"
        },
        {
          "enabled": false,
          "navigations": [],
          "type": "随意"
        },
        {
          "enabled": false,
          "navigations": [],
          "type": "拒绝告知"
        },
        {
          "enabled": false,
          "navigations": [],
          "type": "回避"
        },
        {
          "enabled": true,
          "navigations": [
            {
              "action": {
                "navigateTo": {
                  "nodeId": "exit",
                  "nodePresetTexts": "预设问题"
                },
                "otherActions": []
              },
              "conditions": [],
              "navId": "nav-rzgkrkspvu",
              "operator": "or"
            }
          ],
          "type": "是"
        },
        {
          "enabled": true,
          "navigations": [
            {
              "action": {
                "navigateTo": {
                  "nodeId": "xhdtl3hlalp",
                  "nodePresetTexts": "预设问题"
                },
                "otherActions": []
              },
              "conditions": [],
              "navId": "nav-62l85i3987f",
              "operator": "or"
            }
          ],
          "type": "否"
        },
        {
          "enabled": false,
          "navigations": [],
          "type": "其他"
        }
      ],
      "generalAnswerType": [
        {
          "enabled": true,
          "type": "告知"
        },
        {
          "enabled": true,
          "type": "转人工"
        },
        {
          "enabled": true,
          "type": "继续"
        },
        {
          "enabled": true,
          "type": "命令重复"
        },
        {
          "enabled": true,
          "type": "寒暄"
        },
        {
          "enabled": true,
          "type": "告知等待"
        },
        {
          "enabled": true,
          "type": "告别"
        },
        {
          "enabled": true,
          "type": "退出"
        }
      ],
      "isGlobal": false,
      "isRelevant": true,
      "nodeId": "m54s7vcd12q",
      "parserId": "005",
      "presetTexts": [
        {
          "title": "预设问题",
          "value": "请问您是否认识$name呢？"
        }
      ],
      "relevantParent": {
        "answerType": "文本",
        "nodeId": "qhevzpn0xd"
      },
      "title": "是否认识"
    },
    {
      "isGlobal": true,
      "isRelevant": false,
      "nodeId": "exit",
      "title": "结束"
    },
    {
      "answerTypes": [
        {
          "enabled": false,
          "navigations": [],
          "type": "告知"
        },
        {
          "enabled": false,
          "navigations": [],
          "type": "文本"
        },
        {
          "enabled": false,
          "navigations": [],
          "type": "回问"
        },
        {
          "enabled": false,
          "navigations": [],
          "type": "不知道"
        },
        {
          "enabled": false,
          "navigations": [],
          "type": "催促"
        },
        {
          "enabled": false,
          "navigations": [],
          "type": "未能获得答案"
        },
        {
          "enabled": false,
          "navigations": [],
          "type": "全选"
        },
        {
          "enabled": false,
          "navigations": [],
          "type": "不确定"
        },
        {
          "enabled": false,
          "navigations": [],
          "type": "随意"
        },
        {
          "enabled": false,
          "navigations": [],
          "type": "拒绝告知"
        },
        {
          "enabled": false,
          "navigations": [],
          "type": "回避"
        },
        {
          "enabled": true,
          "navigations": [
            {
              "action": {
                "navigateTo": {
                  "nodeId": "exit",
                  "nodePresetTexts": "预设问题"
                },
                "otherActions": []
              },
              "conditions": [],
              "navId": "107",
              "operator": "or"
            }
          ],
          "type": "是"
        },
        {
          "enabled": true,
          "navigations": [
            {
              "action": {
                "navigateTo": {
                  "nodeId": "qhevzpn0xd",
                  "nodePresetTexts": "预设问题"
                },
                "otherActions": []
              },
              "conditions": [],
              "navId": "nav-t8nnqf40sb",
              "operator": "or"
            }
          ],
          "type": "否"
        },
        {
          "enabled": false,
          "navigations": [],
          "type": "其他"
        }
      ],
      "generalAnswerType": [
        {
          "enabled": true,
          "type": "告知"
        },
        {
          "enabled": true,
          "type": "转人工"
        },
        {
          "enabled": true,
          "type": "继续"
        },
        {
          "enabled": true,
          "type": "命令重复"
        },
        {
          "enabled": true,
          "type": "寒暄"
        },
        {
          "enabled": true,
          "type": "告知等待"
        },
        {
          "enabled": true,
          "type": "告别"
        },
        {
          "enabled": true,
          "type": "退出"
        }
      ],
      "isGlobal": true,
      "isRelevant": false,
      "nodeId": "xhdtl3hlalp",
      "parserId": "005",
      "presetTexts": [
        {
          "title": "预设问题",
          "value": "确定退出当前对话吗？"
        }
      ],
      "relevantParent": null,
      "title": "退出对话"
    }
  ],
  "taskId": "72da9dfb034d519e82d3451dec332b7f-1234",
  "taskName": "招商信诺回访"
}