{
  "entry": {
    "triggers": [
      {
        "type": "intent",
        "value": "招商回访"
      },
      {
        "type": "keyword",
        "value": "触发回访关键词"
      },
      {
        "type": "intent",
        "value": "意图3"
      }
    ]
  },
  "nodeList": [
    {
      "answerTypes": [
        {
          "enabled": true,
          "navigations": [
            {
              "action": {
                "navigateTo": {
                  "nodeId": "84212722430002",
                  "nodePresetTexts": "重复话术"
                },
                "others": [
                  {
                    "target": "var1",
                    "type": "Assginment",
                    "value": "value1"
                  },
                  {
                    "target": "var2",
                    "type": "Assginment",
                    "value": "value2"
                  },
                  {
                    "dataRelated": true,
                    "text": "文字回复中的文字",
                    "type": "TextReply"
                  },
                  {
                    "type": "WebApi",
                    "url": "http://call.api/"
                  }
                ]
              },
              "conditions": [
                {
                  "operator": "大于",
                  "paramLeft": "city",
                  "typeOfParamRight": "变量",
                  "valueOfParamRight": "city"
                },
                {
                  "operator": "等于",
                  "paramLeft": "time",
                  "typeOfParamRight": "值",
                  "valueOfParamRight": "2019-01-01"
                }
              ],
              "operator": "and"
            },
            {
              "action": {
                "navigateTo": {
                  "nodeId": "84212722430001",
                  "nodePresetTexts": "解析失败"
                },
                "others": [
                  {
                    "target": "var1",
                    "type": "Assginment",
                    "value": "value1"
                  }
                ]
              },
              "conditions": [
                {
                  "operator": "等于",
                  "paramLeft": "time",
                  "typeOfParamRight": "值",
                  "valueOfParamRight": "2019-01-01"
                }
              ],
              "operator": "or"
            }
          ],
          "type": "告知"
        },
        {
          "enabled": true,
          "navigations": [
            {
              "action": {
                "navigateTo": {
                  "nodeId": "84212722430003",
                  "nodePresetTexts": "预设话术"
                },
                "others": []
              },
              "conditions": [
                {
                  "operator": "大于",
                  "paramLeft": "city",
                  "typeOfParamRight": "变量",
                  "valueOfParamRight": "city"
                },
                {
                  "operator": "等于",
                  "paramLeft": "time",
                  "typeOfParamRight": "值",
                  "valueOfParamRight": "2019-01-01"
                }
              ],
              "operator": "and"
            }
          ],
          "type": "文本"
        },
        {
          "enabled": false,
          "type": "回问"
        },
        {
          "enabled": false,
          "type": "不知道"
        },
        {
          "enabled": true,
          "navigations": [
            {
              "action": {
                "navigateTo": {
                  "nodeId": "4r4zl8bb028",
                  "nodePresetTexts": ""
                },
                "otherActions": []
              },
              "conditions": []
            }
          ],
          "type": "催促"
        },
        {
          "enabled": false,
          "type": "未能获得答案"
        },
        {
          "enabled": false,
          "type": "全选"
        },
        {
          "enabled": false,
          "type": "不确定"
        },
        {
          "enabled": false,
          "type": "随意"
        },
        {
          "enabled": false,
          "type": "拒绝告知"
        },
        {
          "enabled": false,
          "type": "回避"
        },
        {
          "enabled": false,
          "type": "是"
        },
        {
          "enabled": false,
          "type": "否"
        },
        {
          "enabled": true,
          "navigations": [
            {
              "action": {
                "navigateTo": {
                  "nodeId": "84212722430003",
                  "nodePresetTexts": "解析失败"
                },
                "others": []
              },
              "conditions": [
                {
                  "operator": "大于",
                  "paramLeft": "city",
                  "typeOfParamRight": "变量",
                  "valueOfParamRight": "city"
                },
                {
                  "operator": "等于",
                  "paramLeft": "time",
                  "typeOfParamRight": "值",
                  "valueOfParamRight": "2019-01-01"
                }
              ],
              "operator": "and"
            }
          ],
          "type": "其他"
        }
      ],
      "generalAnswerType": [
        {
          "enabled": true,
          "type": "告知"
        },
        {
          "enabled": true,
          "type": "转人工"
        },
        {
          "enabled": true,
          "type": "继续"
        },
        {
          "enabled": true,
          "type": "命令重复"
        },
        {
          "enabled": true,
          "type": "寒暄"
        },
        {
          "enabled": false,
          "type": "告知等待"
        },
        {
          "enabled": false,
          "type": "告别"
        },
        {
          "enabled": true,
          "type": "退出"
        }
      ],
      "isGlobal": false,
      "isRelevant": false,
      "nodeId": "84212722430001",
      "parserId": "001",
      "presetTexts": [
        {
          "title": "预设问题",
          "value": "请问是$name本人吗？"
        },
        {
          "title": "自定义话术1",
          "value": "自定义话术1的文本"
        },
        {
          "count": 10,
          "title": "重复问题",
          "toNodeId": "84212722430002",
          "value": "请问是$name本人吗？"
        },
        {
          "count": 3,
          "title": "解析失败",
          "toNodeId": "84212722430002",
          "value": "对不起，请问是$name本人吗？"
        },
        {
          "count": 3,
          "title": "场景延续话术",
          "toNodeId": "84212722430003",
          "value": "请问是$name本人吗？"
        }
      ],
      "title": "确认本人"
    },
    {
      "answerTypes": [
        {
          "enabled": false,
          "type": "告知"
        },
        {
          "enabled": false,
          "type": "文本"
        },
        {
          "enabled": false,
          "type": "回问"
        },
        {
          "enabled": false,
          "type": "不知道"
        },
        {
          "enabled": false,
          "type": "催促"
        },
        {
          "enabled": false,
          "type": "未能获得答案"
        },
        {
          "enabled": false,
          "type": "全选"
        },
        {
          "enabled": false,
          "type": "不确定"
        },
        {
          "enabled": false,
          "type": "随意"
        },
        {
          "enabled": false,
          "type": "拒绝告知"
        },
        {
          "enabled": false,
          "type": "回避"
        },
        {
          "enabled": true,
          "navigations": [
            {
              "action": {
                "navigateTo": {
                  "nodeId": "tnkdeals6g",
                  "nodePresetTexts": "重复话术"
                },
                "others": [
                  {
                    "target": "var1",
                    "type": "Assginment",
                    "value": "value1"
                  },
                  {
                    "target": "var2",
                    "type": "Assginment",
                    "value": "value2"
                  },
                  {
                    "dataRelated": true,
                    "text": "文字回复中的文字",
                    "type": "TextReply"
                  },
                  {
                    "type": "WebApi",
                    "url": "http://call.api/"
                  }
                ]
              },
              "conditions": [
                {
                  "operator": "大于",
                  "paramLeft": "city",
                  "typeOfParamRight": "变量",
                  "valueOfParamRight": "city"
                },
                {
                  "operator": "等于",
                  "paramLeft": "time",
                  "typeOfParamRight": "值",
                  "valueOfParamRight": "2019-01-01"
                }
              ],
              "operator": "and"
            }
          ],
          "type": "是"
        },
        {
          "enabled": true,
          "navigations": [
            {
              "action": {
                "navigateTo": {
                  "nodeId": "84212722430002",
                  "nodePresetTexts": "重复话术"
                },
                "others": [
                  {
                    "target": "var1",
                    "type": "Assginment",
                    "value": "value1"
                  },
                  {
                    "target": "var2",
                    "type": "Assginment",
                    "value": "value2"
                  },
                  {
                    "dataRelated": true,
                    "text": "文字回复中的文字",
                    "type": "TextReply"
                  },
                  {
                    "type": "WebApi",
                    "url": "http://call.api/"
                  }
                ]
              },
              "conditions": [
                {
                  "operator": "大于",
                  "paramLeft": "city",
                  "typeOfParamRight": "变量",
                  "valueOfParamRight": "city"
                },
                {
                  "operator": "等于",
                  "paramLeft": "time",
                  "typeOfParamRight": "值",
                  "valueOfParamRight": "2019-01-01"
                }
              ],
              "operator": "and"
            }
          ],
          "type": "否"
        },
        {
          "enabled": true,
          "navigations": [
            {
              "action": {
                "navigateTo": {
                  "nodeId": "84212722430002",
                  "nodePresetTexts": "重复话术"
                },
                "others": [
                  {
                    "target": "var1",
                    "type": "Assginment",
                    "value": "value1"
                  },
                  {
                    "target": "var2",
                    "type": "Assginment",
                    "value": "value2"
                  },
                  {
                    "dataRelated": true,
                    "text": "文字回复中的文字",
                    "type": "TextReply"
                  },
                  {
                    "type": "WebApi",
                    "url": "http://call.api/"
                  }
                ]
              },
              "conditions": [
                {
                  "operator": "大于",
                  "paramLeft": "city",
                  "typeOfParamRight": "变量",
                  "valueOfParamRight": "city"
                },
                {
                  "operator": "等于",
                  "paramLeft": "time",
                  "typeOfParamRight": "值",
                  "valueOfParamRight": "2019-01-01"
                }
              ],
              "operator": "and"
            }
          ],
          "type": "其他"
        }
      ],
      "generalAnswerType": [
        {
          "enabled": true,
          "type": "告知"
        },
        {
          "enabled": true,
          "type": "转人工"
        },
        {
          "enabled": true,
          "type": "继续"
        },
        {
          "enabled": true,
          "type": "命令重复"
        },
        {
          "enabled": true,
          "type": "寒暄"
        },
        {
          "enabled": false,
          "type": "告知等待"
        },
        {
          "enabled": false,
          "type": "告别"
        },
        {
          "enabled": true,
          "type": "退出"
        }
      ],
      "isGlobal": false,
      "isRelevant": false,
      "nodeId": "84212722430002",
      "parserId": "001",
      "presetTexts": [
        {
          "title": "预设问题",
          "value": "请问您是否方便？"
        },
        {
          "title": "重复问题",
          "value": "请问您是否方便？"
        }
      ],
      "title": "是否方便"
    },
    {
      "answerTypes": [
        {
          "enabled": false,
          "type": "告知"
        },
        {
          "enabled": false,
          "type": "文本"
        },
        {
          "enabled": false,
          "type": "回问"
        },
        {
          "enabled": false,
          "type": "不知道"
        },
        {
          "enabled": false,
          "type": "催促"
        },
        {
          "enabled": false,
          "type": "未能获得答案"
        },
        {
          "enabled": false,
          "type": "全选"
        },
        {
          "enabled": false,
          "type": "不确定"
        },
        {
          "enabled": false,
          "type": "随意"
        },
        {
          "enabled": false,
          "type": "拒绝告知"
        },
        {
          "enabled": false,
          "type": "回避"
        },
        {
          "enabled": true,
          "navigations": [
            {
              "action": {
                "navigateTo": {
                  "nodeId": "84212722430002",
                  "nodePresetTexts": "重复话术"
                },
                "others": [
                  {
                    "target": "var1",
                    "type": "Assginment",
                    "value": "value1"
                  },
                  {
                    "target": "var2",
                    "type": "Assginment",
                    "value": "value2"
                  },
                  {
                    "dataRelated": true,
                    "text": "文字回复中的文字",
                    "type": "TextReply"
                  },
                  {
                    "type": "WebApi",
                    "url": "http://call.api/"
                  }
                ]
              },
              "conditions": [
                {
                  "operator": "大于",
                  "paramLeft": "city",
                  "typeOfParamRight": "变量",
                  "valueOfParamRight": "city"
                },
                {
                  "operator": "等于",
                  "paramLeft": "time",
                  "typeOfParamRight": "值",
                  "valueOfParamRight": "2019-01-01"
                }
              ],
              "operator": "and"
            }
          ],
          "type": "是"
        },
        {
          "enabled": true,
          "navigations": [
            {
              "action": {
                "navigateTo": {
                  "nodeId": "4r4zl8bb028",
                  "nodePresetTexts": "重复话术"
                },
                "others": [
                  {
                    "target": "var1",
                    "type": "Assginment",
                    "value": "value1"
                  },
                  {
                    "target": "var2",
                    "type": "Assginment",
                    "value": "value2"
                  },
                  {
                    "dataRelated": true,
                    "text": "文字回复中的文字",
                    "type": "TextReply"
                  },
                  {
                    "type": "WebApi",
                    "url": "http://call.api/"
                  }
                ]
              },
              "conditions": [
                {
                  "operator": "大于",
                  "paramLeft": "city",
                  "typeOfParamRight": "变量",
                  "valueOfParamRight": "city"
                },
                {
                  "operator": "等于",
                  "paramLeft": "time",
                  "typeOfParamRight": "值",
                  "valueOfParamRight": "2019-01-01"
                }
              ],
              "operator": "and"
            }
          ],
          "type": "否"
        },
        {
          "enabled": true,
          "navigations": [
            {
              "action": {
                "navigateTo": {
                  "nodeId": "84212722430003",
                  "nodePresetTexts": "请问认识$name吗？"
                },
                "others": [
                  {
                    "target": "var1",
                    "type": "Assginment",
                    "value": "value1"
                  },
                  {
                    "target": "var2",
                    "type": "Assginment",
                    "value": "value2"
                  },
                  {
                    "dataRelated": true,
                    "text": "文字回复中的文字",
                    "type": "TextReply"
                  },
                  {
                    "type": "WebApi",
                    "url": "http://call.api/"
                  }
                ]
              },
              "conditions": [
                {
                  "operator": "大于",
                  "paramLeft": "city",
                  "typeOfParamRight": "变量",
                  "valueOfParamRight": "city"
                },
                {
                  "operator": "等于",
                  "paramLeft": "time",
                  "typeOfParamRight": "值",
                  "valueOfParamRight": "2019-01-01"
                }
              ],
              "operator": "and"
            }
          ],
          "type": "其他"
        }
      ],
      "generalAnswerType": [
        {
          "enabled": true,
          "type": "告知"
        },
        {
          "enabled": true,
          "type": "转人工"
        },
        {
          "enabled": true,
          "type": "继续"
        },
        {
          "enabled": true,
          "type": "命令重复"
        },
        {
          "enabled": true,
          "type": "寒暄"
        },
        {
          "enabled": false,
          "type": "告知等待"
        },
        {
          "enabled": false,
          "type": "告别"
        },
        {
          "enabled": true,
          "type": "退出"
        }
      ],
      "isGlobal": false,
      "isRelevant": true,
      "nodeId": "84212722430003",
      "parserId": "001",
      "presetTexts": [
        {
          "title": "预设问题",
          "value": "请问认识$name吗？"
        },
        {
          "title": "自定义话术1",
          "value": "请问认识$name吗？"
        }
      ],
      "relevantParent": {
        "answerType": "文本",
        "nodeId": "84212722430001"
      },
      "title": "是否认识"
    },
    {
      "answerTypes": [
        {
          "enabled": false,
          "navigations": [],
          "type": "告知"
        },
        {
          "enabled": false,
          "navigations": [],
          "type": "文本"
        },
        {
          "enabled": false,
          "navigations": [],
          "type": "回问"
        },
        {
          "enabled": false,
          "navigations": [],
          "type": "不知道"
        },
        {
          "enabled": false,
          "navigations": [],
          "type": "催促"
        },
        {
          "enabled": false,
          "navigations": [],
          "type": "未能获得答案"
        },
        {
          "enabled": false,
          "navigations": [],
          "type": "全选"
        },
        {
          "enabled": false,
          "navigations": [],
          "type": "不确定"
        },
        {
          "enabled": false,
          "navigations": [],
          "type": "随意"
        },
        {
          "enabled": false,
          "navigations": [],
          "type": "拒绝告知"
        },
        {
          "enabled": false,
          "navigations": [],
          "type": "回避"
        },
        {
          "enabled": false,
          "navigations": [],
          "type": "是"
        },
        {
          "enabled": false,
          "navigations": [],
          "type": "否"
        },
        {
          "enabled": false,
          "navigations": [],
          "type": "其他"
        }
      ],
      "generalAnswerType": [
        {
          "enabled": true,
          "type": "告知"
        },
        {
          "enabled": true,
          "type": "转人工"
        },
        {
          "enabled": true,
          "type": "继续"
        },
        {
          "enabled": true,
          "type": "命令重复"
        },
        {
          "enabled": true,
          "type": "寒暄"
        },
        {
          "enabled": true,
          "type": "告知等待"
        },
        {
          "enabled": true,
          "type": "告别"
        },
        {
          "enabled": true,
          "type": "退出"
        }
      ],
      "isGlobal": false,
      "isRelevant": false,
      "nodeId": "343butb0cas",
      "parserId": "",
      "presetTexts": [],
      "title": "选择BOT问进行维护"
    },
    {
      "answerTypes": [
        {
          "enabled": true,
          "navigations": [],
          "type": "告知"
        },
        {
          "enabled": false,
          "navigations": [],
          "type": "文本"
        },
        {
          "enabled": false,
          "navigations": [],
          "type": "回问"
        },
        {
          "enabled": false,
          "navigations": [],
          "type": "不知道"
        },
        {
          "enabled": false,
          "navigations": [],
          "type": "催促"
        },
        {
          "enabled": false,
          "navigations": [],
          "type": "未能获得答案"
        },
        {
          "enabled": false,
          "navigations": [],
          "type": "全选"
        },
        {
          "enabled": false,
          "navigations": [],
          "type": "不确定"
        },
        {
          "enabled": false,
          "navigations": [],
          "type": "随意"
        },
        {
          "enabled": false,
          "navigations": [],
          "type": "拒绝告知"
        },
        {
          "enabled": false,
          "navigations": [],
          "type": "回避"
        },
        {
          "enabled": false,
          "navigations": [],
          "type": "是"
        },
        {
          "enabled": false,
          "navigations": [],
          "type": "否"
        },
        {
          "enabled": true,
          "navigations": [
            {
              "action": {
                "navigateTo": {
                  "nodeId": "",
                  "nodePresetTexts": ""
                },
                "otherActions": []
              },
              "conditions": [],
              "operator": "and"
            }
          ],
          "type": "其他"
        }
      ],
      "generalAnswerType": [
        {
          "enabled": true,
          "type": "告知"
        },
        {
          "enabled": true,
          "type": "转人工"
        },
        {
          "enabled": true,
          "type": "继续"
        },
        {
          "enabled": true,
          "type": "命令重复"
        },
        {
          "enabled": true,
          "type": "寒暄"
        },
        {
          "enabled": true,
          "type": "告知等待"
        },
        {
          "enabled": true,
          "type": "告别"
        },
        {
          "enabled": true,
          "type": "退出"
        }
      ],
      "isGlobal": false,
      "isRelevant": false,
      "nodeId": "tnkdeals6g",
      "parserId": "",
      "presetTexts": [{
          "title": "预设问题",
          "value": "请问是$name本人吗？"
      }],
      "title": "身份校验"
    },
    {
      "answerTypes": [
        {
          "enabled": false,
          "navigations": [],
          "type": "告知"
        },
        {
          "enabled": false,
          "navigations": [],
          "type": "文本"
        },
        {
          "enabled": false,
          "navigations": [],
          "type": "回问"
        },
        {
          "enabled": false,
          "navigations": [],
          "type": "不知道"
        },
        {
          "enabled": false,
          "navigations": [],
          "type": "催促"
        },
        {
          "enabled": false,
          "navigations": [],
          "type": "未能获得答案"
        },
        {
          "enabled": false,
          "navigations": [],
          "type": "全选"
        },
        {
          "enabled": false,
          "navigations": [],
          "type": "不确定"
        },
        {
          "enabled": false,
          "navigations": [],
          "type": "随意"
        },
        {
          "enabled": false,
          "navigations": [],
          "type": "拒绝告知"
        },
        {
          "enabled": false,
          "navigations": [],
          "type": "回避"
        },
        {
          "enabled": true,
          "navigations": [],
          "type": "是"
        },
        {
          "enabled": true,
          "navigations": [],
          "type": "否"
        },
        {
          "enabled": false,
          "navigations": [],
          "type": "其他"
        }
      ],
      "generalAnswerType": [
        {
          "enabled": true,
          "type": "告知"
        },
        {
          "enabled": true,
          "type": "转人工"
        },
        {
          "enabled": true,
          "type": "继续"
        },
        {
          "enabled": true,
          "type": "命令重复"
        },
        {
          "enabled": true,
          "type": "寒暄"
        },
        {
          "enabled": true,
          "type": "告知等待"
        },
        {
          "enabled": true,
          "type": "告别"
        },
        {
          "enabled": true,
          "type": "退出"
        }
      ],
      "isGlobal": false,
      "isRelevant": false,
      "nodeId": "h575xayph2r",
      "parserId": "",
      "presetTexts": [
      {
          "title": "预设问题",
          "value": "请问是$name本人吗？"
        }],
      "title": "是否购买过"
    },
    {
      "answerTypes": [
        {
          "enabled": false,
          "navigations": [],
          "type": "告知"
        },
        {
          "enabled": false,
          "navigations": [],
          "type": "文本"
        },
        {
          "enabled": false,
          "navigations": [],
          "type": "回问"
        },
        {
          "enabled": false,
          "navigations": [],
          "type": "不知道"
        },
        {
          "enabled": false,
          "navigations": [],
          "type": "催促"
        },
        {
          "enabled": false,
          "navigations": [],
          "type": "未能获得答案"
        },
        {
          "enabled": false,
          "navigations": [],
          "type": "全选"
        },
        {
          "enabled": false,
          "navigations": [],
          "type": "不确定"
        },
        {
          "enabled": false,
          "navigations": [],
          "type": "随意"
        },
        {
          "enabled": false,
          "navigations": [],
          "type": "拒绝告知"
        },
        {
          "enabled": false,
          "navigations": [],
          "type": "回避"
        },
        {
          "enabled": true,
          "navigations": [],
          "type": "是"
        },
        {
          "enabled": true,
          "navigations": [],
          "type": "否"
        },
        {
          "enabled": false,
          "navigations": [],
          "type": "其他"
        }
      ],
      "generalAnswerType": [
        {
          "enabled": true,
          "type": "告知"
        },
        {
          "enabled": true,
          "type": "转人工"
        },
        {
          "enabled": true,
          "type": "继续"
        },
        {
          "enabled": true,
          "type": "命令重复"
        },
        {
          "enabled": true,
          "type": "寒暄"
        },
        {
          "enabled": true,
          "type": "告知等待"
        },
        {
          "enabled": true,
          "type": "告别"
        },
        {
          "enabled": true,
          "type": "退出"
        }
      ],
      "isGlobal": false,
      "isRelevant": false,
      "nodeId": "dl23tvclgzp",
      "parserId": "",
      "presetTexts": [{
          "title": "预设问题",
          "value": "请问是$name本人吗？"
        }],
      "title": "是否收到合同"
    },
    {
      "answerTypes": [
        {
          "enabled": false,
          "navigations": [],
          "type": "告知"
        },
        {
          "enabled": false,
          "navigations": [],
          "type": "文本"
        },
        {
          "enabled": false,
          "navigations": [],
          "type": "回问"
        },
        {
          "enabled": false,
          "navigations": [],
          "type": "不知道"
        },
        {
          "enabled": false,
          "navigations": [],
          "type": "催促"
        },
        {
          "enabled": false,
          "navigations": [],
          "type": "未能获得答案"
        },
        {
          "enabled": false,
          "navigations": [],
          "type": "全选"
        },
        {
          "enabled": false,
          "navigations": [],
          "type": "不确定"
        },
        {
          "enabled": false,
          "navigations": [],
          "type": "随意"
        },
        {
          "enabled": false,
          "navigations": [],
          "type": "拒绝告知"
        },
        {
          "enabled": false,
          "navigations": [],
          "type": "回避"
        },
        {
          "enabled": true,
          "navigations": [],
          "type": "是"
        },
        {
          "enabled": true,
          "navigations": [],
          "type": "否"
        },
        {
          "enabled": false,
          "navigations": [],
          "type": "其他"
        }
      ],
      "generalAnswerType": [
        {
          "enabled": true,
          "type": "告知"
        },
        {
          "enabled": true,
          "type": "转人工"
        },
        {
          "enabled": true,
          "type": "继续"
        },
        {
          "enabled": true,
          "type": "命令重复"
        },
        {
          "enabled": true,
          "type": "寒暄"
        },
        {
          "enabled": true,
          "type": "告知等待"
        },
        {
          "enabled": true,
          "type": "告别"
        },
        {
          "enabled": true,
          "type": "退出"
        }
      ],
      "isGlobal": true,
      "isRelevant": false,
      "nodeId": "4r4zl8bb028",
      "parserId": "",
      "presetTexts": [],
      "title": "退出对话"
    }
  ],
  "taskId": "72da9dfb034d519e82d3451dec332b7f-1234",
  "taskName": "招商信诺回访"
}